Alvera,Ramon,Morar,Private,Sole,Fictional Office,ZZ1,B,
Anahi,Laurence,Dicki,Private,Joint,Fictional Office,ZZ2,B,
Jaqueline,Deshawn,Grimes,Private,Joint,Fictional Office,ZZ3,B,
Daron,Isaias,Cole,Private,Sole,Fictional Office,ZZ4,B,
Sarina,Mervin,Runte,Private,Sole,Fictional Office,ZZ5,B,
Porter,Muriel,Herzog,Private,Joint,Fictional Office,ZZ6,B,
Kaycee,Edythe,Bode,Private,Joint,Fictional Office,ZZ7,B,
Desmond,Mack,Monahan,Private,Sole,Fictional Office,ZZ8,B,
Ashly,Leo,Koss,Private,Sole,Fictional Office,ZZ9,B,
Dolores,Andreane,Schroeder,Private,Joint,Fictional Office,ZZ10,B,
Pat,Krystel,Huels,Private,Joint,Fictional Office,ZZ11,B,
Kody,Stephon,Runte,Private,Sole,Fictional Office,ZZ12,B,
Esperanza,Tyrique,Kautzer,Private,Sole,Fictional Office,ZZ13,B,
Garrett,Gertrude,Hackett,Private,Joint,Fictional Office,ZZ14,B,
Flavie,Marquise,Zulauf,Private,Joint,Fictional Office,ZZ15,B,
Yessenia,Waldo,Simonis,Private,Sole,Fictional Office,ZZ16,B,
Verna,Natalie,Jaskolski,Private,Sole,Fictional Office,ZZ17,B,
Granville,Ottilie,Hane,Private,Joint,Fictional Office,ZZ18,B,
Yessenia,Seth,Feeney,Private,Joint,Fictional Office,ZZ19,B,
Darren,Jevon,Murray,Private,Sole,Fictional Office,ZZ20,B,
Rickie,Rashawn,Paucek,Private,Sole,Fictional Office,ZZ21,B,
Ashleigh,Faye,Kautzer,Private,Joint,Fictional Office,ZZ22,B,
Brendon,Eda,Borer,Private,Joint,Fictional Office,ZZ23,B,
Shannon,Alexandrine,Runolfsdottir,Private,Sole,Fictional Office,ZZ24,B,
Silas,Troy,Ullrich,Private,Sole,Fictional Office,ZZ25,B,
Destiny,Pauline,Baumbach,Private,Joint,Fictional Office,ZZ26,B,
Yolanda,Ronaldo,Cassin,Private,Joint,Fictional Office,ZZ27,B,
Federico,Branson,Balistreri,Private,Sole,Fictional Office,ZZ28,B,
Cletus,Lionel,Huel,Private,Sole,Fictional Office,ZZ29,C,
Maddison,Braulio,Padberg,Private,Joint,Fictional Office,ZZ30,C,
Myrtis,Jerald,Gleichner,Private,Joint,Fictional Office,ZZ31,B,
Josianne,Peggie,Raynor,Private,Sole,Fictional Office,ZZ32,B,
Kylie,Katlynn,Zemlak,Private,Sole,Fictional Office,ZZ33,B,
Shayna,Mariane,Towne,Private,Joint,Fictional Office,ZZ34,B,
Alaina,Arno,Sauer,Private,Joint,Fictional Office,ZZ35,B,
Marcelo,Leonora,Quitzon,Private,Sole,Fictional Office,ZZ36,C,
Xavier,Preston,Pouros,Private,Sole,Fictional Office,ZZ37,B,
Stephany,Reggie,Daugherty,Private,Joint,Fictional Office,ZZ38,B,
Dayton,Hilton,Marquardt,Private,Joint,Fictional Office,ZZ39,B,
Gregoria,Brett,Lang,Private,Sole,Fictional Office,ZZ40,B,
Dave,Fletcher,Ondricka,Private,Sole,Fictional Office,ZZ41,B,
Annabell,Kenya,Hane,Private,Joint,Fictional Office,ZZ42,C,
Rafaela,Rubye,Stehr,Private,Joint,Fictional Office,ZZ43,B,
Zane,Rachelle,Muller,Private,Sole,Fictional Office,ZZ44,B,
Jamal,Eleanora,Barton,Private,Sole,Fictional Office,ZZ45,B,
Desmond,Baby,Will,Private,Joint,Fictional Office,ZZ46,B,
Mohammad,Sincere,Mosciski,Private,Joint,Fictional Office,ZZ47,C,
Dena,Maddison,Zieme,Private,Sole,Fictional Office,ZZ48,B,
Favian,Josiane,Auer,Private,Joint,Fictional Office,ZZ49,B,
Anastasia,Karl,Weissnat,Private,Joint,Fictional Office,ZZ50,B,
Mauricio,Barry,Mitchell,Private,Sole,Fictional Office,ZZ51,B,
Madalyn,Destiney,Leuschke,Private,Sole,Fictional Office,ZZ52,B,
Aisha,Waino,Morissette,Private,Joint,Fictional Office,ZZ53,C,
Tyra,Guido,Hauck,Private,Joint,Fictional Office,ZZ54,B,
Della,Joannie,Jacobi,Private,Sole,Fictional Office,ZZ55,B,
Rey,Verona,Bergnaum,Private,Sole,Fictional Office,ZZ56,B,
Jevon,Andres,Gerlach,Private,Joint,Fictional Office,ZZ57,B,
Athena,Hope,Jenkins,Private,Joint,Fictional Office,ZZ58,B,
Jaycee,Darien,Fritsch,Private,Sole,Fictional Office,ZZ59,B,
Micheal,Leora,Watsica,Private,Sole,Fictional Office,ZZ60,C,
Kiarra,Julien,Spencer,Private,Joint,Fictional Office,ZZ61,B,
Jace,Annabel,Lang,Private,Joint,Fictional Office,ZZ62,C,
Annabell,Ena,Corkery,Private,Sole,Fictional Office,ZZ63,B,
Tristian,Sally,Lehner,Private,Sole,Fictional Office,ZZ64,C,
Chelsey,Damian,Witting,Private,Joint,Fictional Office,ZZ65,B,
Destiny,Colten,Funk,Private,Joint,Fictional Office,ZZ66,B,
Gayle,Georgette,Bartoletti,Private,Sole,Fictional Office,ZZ67,B,
Juvenal,Alexys,Hand,Private,Joint,Fictional Office,ZZ68,B,
Camila,Jaylin,Zulauf,Private,Joint,Fictional Office,ZZ69,C,
Melyssa,Adalberto,Kihn,Private,Sole,Fictional Office,ZZ70,B,
Lucio,Kaycee,Hoeger,Private,Sole,Fictional Office,ZZ71,B,
Marc,Christy,Nolan,Private,Joint,Fictional Office,ZZ72,B,
Araceli,Kaya,Cronin,Private,Joint,Fictional Office,ZZ73,B,
Travis,Kurtis,Wuckert,Private,Sole,Fictional Office,ZZ74,C,
Rigoberto,Mariana,Tillman,Private,Sole,Fictional Office,ZZ75,B,
Belle,Cierra,Abbott,Private,Joint,Fictional Office,ZZ76,B,
Lenny,Avery,O'Hara,Private,Joint,Fictional Office,ZZ77,B,
Gabe,Graham,Mayert,Private,Sole,Fictional Office,ZZ78,B,
Juliana,Muriel,Brown,Private,Sole,Fictional Office,ZZ79,B,
Abelardo,Karina,Rogahn,Private,Joint,Fictional Office,ZZ80,C,
Reyes,Floyd,Bahringer,Private,Joint,Fictional Office,ZZ81,B,
Zoila,Jacklyn,Carroll,Private,Sole,Fictional Office,ZZ82,B,
Clemmie,Carey,Crona,Private,Sole,Fictional Office,ZZ83,B,
Stefan,Theo,Lebsack,Private,Joint,Fictional Office,ZZ84,B,
Bryana,Shemar,Christiansen,Private,Joint,Fictional Office,ZZ85,B,
Karl,Adolf,Kuhic,Private,Sole,Fictional Office,ZZ86,B,
Davion,Lourdes,Luettgen,Private,Joint,Fictional Office,ZZ87,B,
Marcus,Chelsey,Hamill,Private,Joint,Fictional Office,ZZ88,C,
Monroe,Lawson,Windler,Private,Sole,Fictional Office,ZZ89,B,
Ron,Alta,Douglas,Private,Sole,Fictional Office,ZZ90,B,
Rory,Brendon,Stanton,Private,Joint,Fictional Office,ZZ91,B,
Moshe,Marcelino,King,Private,Joint,Fictional Office,ZZ92,B,
Marguerite,Daisha,Cartwright,Private,Sole,Fictional Office,ZZ93,C,
Lorenzo,Elza,Gleichner,Private,Sole,Fictional Office,ZZ94,B,
Harold,Alexzander,Feest,Private,Joint,Fictional Office,ZZ95,B,
Agustin,Libbie,Borer,Private,Joint,Fictional Office,ZZ96,B,
Lester,Ted,Bruen,Private,Sole,Fictional Office,ZZ97,B,
Maurine,Nola,Runte,Private,Sole,Fictional Office,ZZ98,B,
Ava,Jaycee,O'Keefe,Private,Joint,Fictional Office,ZZ99,B,
Hillard,Fausto,Bashirian,Private,Joint,Fictional Office,ZZ100,B,
Steven,Todd,Smith,Private,Sole,Fictional Office,ZZ101,B,
Stephen,Todd,Smith,Private,Sole,Fictional Office,ZZ102,B,
Stephan,Todd,Smith,Private,Joint,Fictional Office,ZZ103,B,
Stefan,Todd,Smith,Private,Joint,Fictional Office,ZZ104,B,
Stephany,Todd,Smith,Private,Sole,Fictional Office,ZZ105,B,
Stephanie,Todd,Smith,Private,Joint,Fictional Office,ZZ106,B,
John,Ted,Johnson,Private,Joint,Fictional Office,ZZ107,B,
Jon,Ted,Johnson,Private,Sole,Fictional Office,ZZ108,C,
John,Ted,Johnston,Private,Sole,Fictional Office,ZZ109,B,
Bob,Jack,Denton,Private,Joint,Fictional Office,ZZ110,B,
Bob,Jack,Tendon,Private,Joint,Fictional Office,ZZ111,B,
Tod,Steven,Smith,Private,Sole,Fictional Office,ZZ200,B,
Simon,Trett,Smith,Private,Sole,Fictional Office,ZZ201,B,
,,,Private,Joint,Fictional Office,ZZ202,B,Mockville Bishop Of
,,,Private,Joint,Fictional Office,ZZ203,C,Helenbury Baron
,,,Private,Sole,Fictional Office,ZZ204,B,Mockville Bishop Of
,,,Private,Sole,Fictional Office,ZZ205,B,King Stark of the North
,,,Private,Joint,Fictional Office,ZZ206,B,Mockville Bishop Of
,,,Private,Joint,Fictional Office,ZZ207,B,HRH King Stark
,,,Private,Sole,Fictional Office,ZZ208,B,Helenbury Baron
,,,Private,Sole,Fictional Office,ZZ209,B,His Royal Highness Robert Stark of Winterfell and King in the North